,Table,Rows,TotalTime,RowsPerSec,ORM,Testcase
0,Query1,249479,4.3267600536346436,57659.541298211836,Tortoise,Queries
1,Query2,500,0.4468669891357422,1118.901176761835,Tortoise,Queries
2,Query3,495000,0.4285101890563965,1155165.0640793813,Tortoise,Queries
