,Table,Rows,TotalTime,RowsPerSec,ORM,Testcase
0,Query1,249479,0.17847204208374023,1397860.3992380097,Django,Queries
1,Query2,500,0.01372218132019043,36437.35557293024,Django,Queries
2,Query3,495000,0.00039386749267578125,1256767845.0363195,Django,Queries
